{"stats":{"minecraft:mined":{"minecraft:spruce_stairs":2,"minecraft:flowering_azalea":1,"minecraft:acacia_leaves":1,"minecraft:carrots":2,"minecraft:potted_cactus":1,"minecraft:fletching_table":2,"minecraft:crafting_table":1,"minecraft:spruce_trapdoor":2,"minecraft:acacia_log":2,"minecraft:melon":4,"minecraft:beetroots":3,"minecraft:acacia_fence":1,"minecraft:sand":12,"minecraft:lectern":1,"minecraft:birch_slab":1,"minecraft:acacia_planks":3,"minecraft:acacia_slab":1,"minecraft:orange_bed":1},"minecraft:crafted":{"minecraft:acacia_planks":4},"minecraft:used":{"minecraft:wooden_axe":38,"minecraft:acacia_log":1,"minecraft:bread":1,"minecraft:iron_pickaxe":1,"minecraft:orange_bed":1,"minecraft:sand":2,"minecraft:crafting_table":1,"minecraft:acacia_planks":4},"minecraft:dropped":{"minecraft:acacia_slab":1,"minecraft:acacia_sapling":1,"minecraft:cobblestone":3,"minecraft:gold_nugget":7,"minecraft:gold_ingot":4},"minecraft:custom":{"minecraft:time_since_rest":3755,"minecraft:sprint_one_cm":40148,"minecraft:damage_taken":20,"minecraft:walk_one_cm":126051,"minecraft:drop":5,"minecraft:fly_one_cm":6181,"minecraft:open_chest":4,"minecraft:play_time":28099,"minecraft:walk_under_water_one_cm":6775,"minecraft:jump":221,"minecraft:leave_game":1,"minecraft:walk_on_water_one_cm":3929,"minecraft:time_since_death":28099,"minecraft:sleep_in_bed":1,"minecraft:total_world_time":28099,"minecraft:climb_one_cm":1459,"minecraft:fall_one_cm":1780},"minecraft:picked_up":{"minecraft:wooden_axe":1,"minecraft:stick":9,"minecraft:crafting_table":1,"minecraft:acacia_fence":1,"minecraft:flower_pot":1,"minecraft:birch_slab":1,"minecraft:acacia_log":14,"minecraft:spruce_stairs":2,"minecraft:porkchop":3,"minecraft:sand":19,"dynamictrees:acacia_seed":6,"minecraft:carrot":8,"minecraft:lantern":1,"minecraft:orange_bed":2,"minecraft:cactus":1,"minecraft:acacia_planks":1,"minecraft:beetroot":3,"minecraft:beetroot_seeds":10,"minecraft:bread":7,"minecraft:fletching_table":2,"minecraft:lectern":1,"minecraft:melon_slice":27,"minecraft:acacia_slab":1,"minecraft:melon_seeds":3,"minecraft:flowering_azalea":1,"minecraft:spruce_trapdoor":2,"minecraft:acacia_sapling":1}},"DataVersion":3465}