{"stats":{"minecraft:used":{"minecraft:moss_carpet":1,"minecraft:stone_sword":16,"minecraft:stone_shovel":207,"minecraft:chest":4,"minecraft:shield":175,"minecraft:stone":11,"minecraft:orange_bed":1,"minecraft:torch":48,"minecraft:dirt":66,"minecraft:jungle_planks":12,"minecraft:carrot":24,"minecraft:wooden_axe":59,"minecraft:iron_axe":98,"minecraft:oak_stairs":26,"minecraft:furnace":3,"minecraft:cobbled_deepslate":8,"minecraft:potato":13,"minecraft:acacia_planks":16,"minecraft:cooked_mutton":2,"minecraft:stone_pickaxe":88,"minecraft:jungle_fence":32,"minecraft:oak_planks":146,"minecraft:blackstone":40,"iceandfire:crackled_grass":1,"minecraft:sand":5,"minecraft:crafting_table":8,"minecraft:red_bed":2,"minecraft:oak_log":204,"iceandfire:lightning_dragon_flesh":1,"neapolitan:banana_bunch":5,"minecraft:melon_slice":46,"minecraft:bread":27,"minecraft:iron_pickaxe":162,"minecraft:stone_axe":159,"travelersbackpack:standard":1,"minecraft:cobblestone":34,"minecraft:cooked_porkchop":3},"minecraft:dropped":{"minecraft:iron_ingot":8,"minecraft:bread":10,"minecraft:porkchop":8,"minecraft:wheat_seeds":45,"minecraft:lapis_lazuli":11,"minecraft:oak_log":2,"minecraft:cooked_porkchop":1,"minecraft:cobblestone":10,"minecraft:leather":1,"travelersbackpack:standard":1,"minecraft:cobweb":4,"iceandfire:copper_nugget":64,"minecraft:wooden_axe":1,"minecraft:melon_slice":1,"gravestone:obituary":22,"minecraft:gold_nugget":7,"iceandfire:crackled_grass":1,"minecraft:iron_axe":1,"securitycraft:sc_manual":1,"minecraft:orange_bed":2,"minecraft:acacia_planks":32,"minecraft:moss_carpet":1,"minecraft:stone_axe":1,"dynamictrees:oak_seed":6,"minecraft:raw_copper":2,"minecraft:raw_iron":2,"minecraft:rotten_flesh":3,"minecraft:oak_planks":139,"minecraft:carrot":22,"pointblank:gunmetal_nugget":2,"minecraft:shield":2,"iceandfire:crackled_cobblestone":3,"minecraft:acacia_sapling":3,"minecraft:chest":3,"minecraft:arrow":1,"minecraft:stone_pickaxe":2,"minecraft:acacia_fence":3},"minecraft:broken":{"minecraft:golden_leggings":1,"minecraft:stone_axe":1,"minecraft:wooden_axe":1},"minecraft:picked_up":{"minecraft:crafting_table":2,"minecraft:coarse_dirt":1,"minecraft:wheat":8,"ecologics:seashell":1,"minecraft:oak_stairs":5,"minecraft:wither_rose":1,"minecraft:chain":1,"gravestone:obituary":19,"minecraft:shield":2,"iceandfire:manuscript":9,"minecraft:string":16,"minecraft:red_bed":2,"minecraft:moss_carpet":5,"minecraft:raw_copper":6,"minecraft:iron_axe":1,"minecraft:blackstone":70,"neapolitan:banana_frond":7,"neapolitan:banana_bunch":13,"minecraft:beetroot":4,"minecraft:gold_nugget":7,"minecraft:cobbled_deepslate":15,"minecraft:iron_nugget":23,"minecraft:azalea":1,"dynamictrees:oak_seed":6,"minecraft:poppy":1,"minecraft:iron_pickaxe":4,"minecraft:light_gray_wool":1,"minecraft:melon_slice":59,"minecraft:chest":19,"minecraft:raw_iron":7,"minecraft:stick":66,"minecraft:jungle_door":1,"minecraft:acacia_fence":3,"minecraft:oak_fence":2,"iceandfire:armor_copper_metal_leggings":1,"minecraft:copper_ingot":4,"minecraft:torch":6,"minecraft:acacia_log":26,"minecraft:green_bed":2,"iceandfire:lightning_dragon_flesh":2,"minecraft:porkchop":3,"pointblank:gunmetal_nugget":21,"iceandfire:crackled_gravel":3,"minecraft:carrot":49,"minecraft:redstone":17,"minecraft:rotten_flesh":8,"minecraft:orange_bed":3,"neapolitan:banana":11,"minecraft:arrow":5,"minecraft:stone_shovel":1,"minecraft:golden_hoe":1,"iceandfire:crackled_grass":4,"minecraft:gold_ingot":4,"supplementaries:ash":7,"minecraft:mutton":2,"minecraft:iron_bars":15,"minecraft:cobblestone":122,"minecraft:cooked_beef":2,"minecraft:jungle_log":18,"minecraft:leather":2,"minecraft:golden_leggings":1,"minecraft:jungle_fence":1,"minecraft:acacia_wood":2,"minecraft:potato":34,"minecraft:tuff":1,"securitycraft:sc_manual":1,"minecraft:flint":1,"minecraft:oak_log":18,"minecraft:lapis_lazuli":11,"minecraft:dirt":76,"minecraft:bone":13,"minecraft:acacia_planks":82,"minecraft:wheat_seeds":49,"minecraft:raw_gold":6,"minecraft:stone_pickaxe":5,"minecraft:cobweb":9,"naturalist:snail_shell":1,"minecraft:oak_planks":186,"minecraft:acacia_sapling":7,"iceandfire:crackled_cobblestone":6,"minecraft:book":8,"iceandfire:copper_nugget":316,"minecraft:cooked_porkchop":4,"minecraft:dripstone_block":1,"minecraft:gravel":12,"minecraft:sand":55,"minecraft:jungle_planks":7,"minecraft:amethyst_shard":2,"dynamictrees:acacia_seed":5,"simplyswords:iron_greathammer":1,"minecraft:spider_eye":1,"minecraft:diamond":4,"minecraft:slime_ball":2,"minecraft:stone_axe":2,"iceandfire:crackled_stone":42,"dynamictrees:jungle_seed":1,"minecraft:emerald":6,"minecraft:bread":7,"minecraft:oak_sapling":5,"minecraft:coal":19,"iceandfire:raw_silver":2},"minecraft:custom":{"minecraft:mob_kills":32,"minecraft:animals_bred":3,"minecraft:interact_with_crafting_table":82,"minecraft:open_barrel":1,"minecraft:bell_ring":1,"minecraft:leave_game":4,"minecraft:time_since_death":60802,"minecraft:climb_one_cm":992,"minecraft:sprint_one_cm":463807,"minecraft:walk_one_cm":643329,"minecraft:damage_blocked_by_shield":1993,"minecraft:drop":74,"minecraft:talked_to_villager":1,"minecraft:play_time":385192,"minecraft:deaths":26,"minecraft:sneak_time":12766,"minecraft:walk_under_water_one_cm":7026,"minecraft:jump":4158,"minecraft:interact_with_brewingstand":1,"minecraft:interact_with_blast_furnace":1,"minecraft:walk_on_water_one_cm":10493,"minecraft:total_world_time":385192,"minecraft:interact_with_furnace":50,"minecraft:interact_with_grindstone":3,"minecraft:sleep_in_bed":3,"minecraft:time_since_rest":60837,"minecraft:damage_taken":9869,"minecraft:damage_dealt":5960,"minecraft:fly_one_cm":837859,"minecraft:swim_one_cm":34756,"minecraft:player_kills":3,"minecraft:open_chest":79,"minecraft:crouch_one_cm":36000,"minecraft:interact_with_smoker":1,"minecraft:fall_one_cm":167810},"minecraft:mined":{"minecraft:deepslate_diamond_ore":4,"minecraft:glow_lichen":1,"iceandfire:crackled_gravel":1,"gravestone:gravestone":21,"minecraft:acacia_log":15,"minecraft:grass_block":26,"minecraft:decorated_pot":1,"minecraft:jungle_planks":10,"iceandfire:crackled_cobblestone":3,"neapolitan:banana_bundle":3,"minecraft:carrots":6,"dynamictrees:oak_undergrowth_leaves":1,"minecraft:fire":1,"minecraft:cobbled_deepslate":2,"minecraft:iron_ore":1,"iceandfire:crackled_grass":2,"minecraft:acacia_wood":2,"neapolitan:banana_stalk":1,"minecraft:moss_carpet":1,"minecraft:pointed_dripstone":2,"minecraft:potatoes":6,"neapolitan:banana_frond":2,"minecraft:oak_stairs":6,"dynamictrees:jungle_undergrowth_leaves":1,"minecraft:azalea":1,"minecraft:stone":117,"minecraft:green_bed":2,"dynamictrees:jungle_leaves":1,"minecraft:orange_bed":3,"minecraft:deepslate_redstone_ore":4,"minecraft:acacia_leaves":57,"minecraft:jungle_door":1,"minecraft:blackstone":49,"minecraft:red_bed":2,"minecraft:oak_fence":2,"minecraft:crafting_table":2,"minecraft:poppy":1,"minecraft:melon":9,"minecraft:chest":5,"minecraft:dead_bush":2,"minecraft:copper_ore":2,"minecraft:tall_grass":24,"minecraft:deepslate_gold_ore":4,"minecraft:lapis_ore":1,"minecraft:oak_planks":36,"minecraft:wall_torch":1,"supplementaries:urn":7,"minecraft:coarse_dirt":1,"iceandfire:crackled_stone":21,"ecologics:seashell":1,"neapolitan:small_banana_frond":4,"minecraft:wheat":9,"minecraft:spruce_log":4,"minecraft:jungle_fence":2,"minecraft:grass":34,"minecraft:oak_log":11,"minecraft:beetroots":4,"minecraft:acacia_fence":3,"minecraft:sand":64,"minecraft:dirt":36,"minecraft:cobweb":16,"neapolitan:large_banana_frond":1,"minecraft:acacia_planks":1,"minecraft:oak_leaves":89,"minecraft:deepslate":6,"minecraft:fern":6},"minecraft:killed":{"naturalist:zebra":1,"naturalist:lion":1,"minecraft:spider":1,"enemyexpansion:direwolf":4,"naturalist:snail":1,"minecraft:skeleton":3,"minecraft:silverfish":2,"neapolitan:chimpanzee":2,"minecraft:pig":1,"minecraft:creeper":1,"minecraft:sheep":1,"minecraft:zombie":4,"iceandfire:lightning_dragon":1,"apollyon:the_damned":1,"enemyexpansion:slugger":3},"minecraft:killed_by":{"minecraft:player":3,"apollyon:the_damned":3,"iceandfire:lightning_dragon":11,"minecraft:zombie":3,"enemyexpansion:direwolf":2,"iceandfire:ghost":1,"iceandfire:fire_dragon":2},"minecraft:crafted":{"minecraft:oak_planks":48,"minecraft:stone_shovel":2,"minecraft:furnace":3,"minecraft:cooked_mutton":2,"minecraft:iron_bars":16,"minecraft:glass":24,"minecraft:iron_boots":1,"minecraft:iron_axe":1,"minecraft:stone_pickaxe":1,"minecraft:chest":1,"minecraft:jungle_fence":48,"minecraft:cooked_porkchop":4,"minecraft:crafting_table":6,"travelersbackpack:standard":2,"travelersbackpack:backpack_tank":4,"minecraft:iron_helmet":1,"minecraft:stone_axe":2,"minecraft:air":0,"minecraft:jungle_planks":72,"minecraft:iron_chestplate":1,"minecraft:shield":2,"minecraft:stick":56,"minecraft:iron_ingot":8,"minecraft:wooden_axe":2,"minecraft:oak_stairs":68,"minecraft:acacia_planks":112,"minecraft:torch":100,"securitycraft:sc_manual":1}},"DataVersion":3465}