{"stats":{"minecraft:dropped":{"minecraft:glow_ink_sac":3,"minecraft:mossy_cobblestone":2,"minecraft:leather":2,"iceandfire:lightning_dragon_flesh":1,"minecraft:stick":1,"minecraft:dirt":10,"gravestone:obituary":11,"minecraft:gold_nugget":9,"minecraft:iron_pickaxe":1,"minecraft:stone_axe":1,"minecraft:rotten_flesh":6,"minecraft:oak_planks":1,"supplementaries:antique_ink":2,"supplementaries:quiver":2,"minecraft:andesite":3,"minecraft:stone_pickaxe":1},"minecraft:used":{"iceandfire:lectern":1,"minecraft:moss_carpet":1,"minecraft:enchanting_table":3,"minecraft:iron_shovel":30,"minecraft:chest":3,"minecraft:shield":18,"minecraft:cooked_chicken":1,"minecraft:rotten_flesh":5,"minecraft:torch":30,"minecraft:dirt":3,"minecraft:carrot":20,"minecraft:tuff":8,"neapolitan:vanilla_fudge":2,"minecraft:gunpowder":1,"minecraft:bow":18,"minecraft:furnace":7,"minecraft:cobbled_deepslate":57,"naturalist:bass":3,"minecraft:water_bucket":6,"minecraft:diorite":1,"pointblank:printer":1,"minecraft:crafting_table":9,"minecraft:red_bed":1,"simplyswords:iron_halberd":254,"minecraft:white_bed":1,"minecraft:shears":37,"minecraft:smoker":1,"dynamictrees:cherry_seed":1,"minecraft:diamond_pickaxe":137,"iceandfire:lightning_dragon_flesh":1,"minecraft:bread":26,"minecraft:iron_pickaxe":374,"minecraft:stone_axe":29,"minecraft:grindstone":1,"minecraft:cooked_porkchop":4,"minecraft:andesite":9,"minecraft:bucket":13,"minecraft:cobweb":13},"minecraft:broken":{"simplyswords:iron_halberd":1,"minecraft:iron_pickaxe":1},"minecraft:picked_up":{"iceandfire:dragon_skull_lightning":1,"minecraft:crafting_table":1,"minecraft:chicken":4,"minecraft:wither_rose":1,"gravestone:obituary":7,"minecraft:shield":1,"minecraft:string":8,"minecraft:red_bed":2,"minecraft:moss_carpet":1,"minecraft:raw_copper":48,"minecraft:zombie_head":1,"minecraft:blackstone":122,"minecraft:gold_nugget":9,"minecraft:cobbled_deepslate":57,"minecraft:beef":18,"minecraft:iron_nugget":20,"minecraft:chest":3,"minecraft:furnace":4,"minecraft:stick":25,"minecraft:raw_iron":54,"iceandfire:dragonbone":7,"minecraft:torch":24,"minecraft:porkchop":9,"pointblank:gunmetal_nugget":76,"iceandfire:lightning_dragon_flesh":7,"minecraft:cherry_log":29,"minecraft:diorite":1,"minecraft:carrot":11,"minecraft:redstone":19,"minecraft:arrow":10,"minecraft:rotten_flesh":21,"minecraft:hay_block":9,"supplementaries:antique_ink":2,"supplementaries:ash":36,"supplementaries:quiver":2,"minecraft:mutton":14,"minecraft:obsidian":4,"minecraft:white_wool":6,"minecraft:skeleton_skull":1,"minecraft:cobblestone":92,"minecraft:enchanting_table":3,"minecraft:feather":7,"minecraft:glow_ink_sac":3,"minecraft:andesite":19,"minecraft:leather":16,"minecraft:tuff":8,"supplementaries:flax_seeds":8,"minecraft:gunpowder":10,"minecraft:lapis_lazuli":19,"minecraft:dirt":13,"naturalist:bass":4,"minecraft:bone":36,"minecraft:bow":1,"minecraft:wheat_seeds":3,"minecraft:raw_gold":7,"minecraft:iron_ingot":11,"minecraft:stone_pickaxe":1,"minecraft:cobweb":35,"minecraft:bamboo":6,"naturalist:snail_shell":1,"minecraft:oak_planks":78,"minecraft:cooked_porkchop":1,"minecraft:gravel":1,"minecraft:amethyst_shard":4,"iceandfire:lightning_dragon_heart":1,"pointblank:printer":1,"minecraft:spider_eye":1,"minecraft:mossy_cobblestone":2,"travelersbackpack:standard":1,"minecraft:slime_ball":1,"minecraft:diamond":15,"minecraft:stone_axe":1,"dynamictrees:cherry_seed":14,"minecraft:bread":3,"minecraft:emerald":11,"minecraft:coal":33,"iceandfire:raw_silver":13},"minecraft:custom":{"minecraft:mob_kills":101,"minecraft:interact_with_crafting_table":46,"minecraft:damage_dealt_resisted":144,"minecraft:leave_game":2,"minecraft:time_since_death":60737,"minecraft:sprint_one_cm":261553,"minecraft:walk_one_cm":203900,"minecraft:damage_blocked_by_shield":700,"minecraft:drop":28,"minecraft:talked_to_villager":1,"minecraft:play_time":117407,"minecraft:deaths":4,"minecraft:sneak_time":10394,"minecraft:walk_under_water_one_cm":5759,"minecraft:jump":2099,"minecraft:walk_on_water_one_cm":10002,"minecraft:enchant_item":2,"minecraft:total_world_time":117407,"minecraft:interact_with_furnace":63,"minecraft:interact_with_grindstone":1,"minecraft:sleep_in_bed":1,"minecraft:time_since_rest":16493,"minecraft:damage_taken":3143,"minecraft:damage_dealt":15757,"minecraft:swim_one_cm":12259,"minecraft:fly_one_cm":369921,"minecraft:open_chest":81,"minecraft:crouch_one_cm":22514,"minecraft:interact_with_smoker":4,"minecraft:fall_one_cm":80556},"minecraft:mined":{"minecraft:tuff":9,"iceandfire:silver_ore":13,"minecraft:mossy_cobblestone":2,"minecraft:deepslate_diamond_ore":15,"minecraft:obsidian":4,"gravestone:gravestone":3,"minecraft:grass_block":2,"dynamictrees:cherry_sapling":1,"minecraft:moss_block":1,"minecraft:spawner":3,"minecraft:hay_block":9,"minecraft:furnace":3,"minecraft:iron_ore":31,"minecraft:cobbled_deepslate":4,"minecraft:fire":15,"minecraft:andesite":18,"supplementaries:gunpowder":1,"minecraft:peony":1,"minecraft:enchanting_table":3,"minecraft:pointed_dripstone":1,"minecraft:deepslate_iron_ore":15,"minecraft:bamboo":1,"minecraft:stone":92,"minecraft:deepslate_redstone_ore":4,"minecraft:red_bed":2,"minecraft:blackstone":108,"minecraft:crafting_table":1,"minecraft:torch":1,"minecraft:chest":1,"minecraft:copper_ore":14,"minecraft:tall_grass":19,"minecraft:deepslate_gold_ore":3,"minecraft:lapis_ore":2,"minecraft:oak_planks":6,"supplementaries:urn":33,"minecraft:grass":8,"minecraft:coal_ore":33,"minecraft:gravel":1,"minecraft:dripstone_block":1,"minecraft:dirt":11,"minecraft:cobweb":38,"minecraft:smooth_basalt":1,"minecraft:gold_ore":4,"pointblank:printer":1,"minecraft:fern":1,"minecraft:deepslate":52},"minecraft:killed":{"enemyexpansion:trollenraged":1,"naturalist:zebra":3,"minecraft:cave_spider":3,"enemyexpansion:intruder":1,"minecraft:spider":2,"naturalist:robin":2,"minecraft:skeleton":13,"enemyexpansion:faller":1,"enemyexpansion:silverqueen":1,"minecraft:chicken":4,"naturalist:bass":5,"minecraft:silverfish":8,"minecraft:pig":3,"iceandfire:cyclops":1,"naturalist:butterfly":1,"enemyexpansion:sprinter":1,"minecraft:creeper":2,"minecraft:sheep":4,"minecraft:zombie":22,"enemyexpansion:botfly":5,"minecraft:glow_squid":2,"apollyon:the_damned":1,"minecraft:cow":8,"enemyexpansion:slugger":1},"minecraft:killed_by":{"minecraft:player":1,"apollyon:the_damned":1,"iceandfire:fire_dragon":1},"minecraft:crafted":{"minecraft:cherry_planks":100,"minecraft:grindstone":1,"pointblank:guninternals":1,"minecraft:fishing_rod":1,"minecraft:iron_nugget":27,"minecraft:cooked_chicken":1,"iceandfire:lectern":1,"minecraft:furnace":4,"minecraft:stone":3,"minecraft:glass_pane":16,"minecraft:glass":6,"minecraft:bow":1,"iceandfire:armor_silver_metal_boots":1,"minecraft:smoker":1,"minecraft:wheat":81,"pointblank:printer":1,"minecraft:cooked_porkchop":3,"iceandfire:silver_ingot":4,"minecraft:crafting_table":8,"pointblank:gunmetal_ingot":5,"pointblank:processor":1,"minecraft:enchanting_table":1,"minecraft:iron_helmet":1,"simplyswords:iron_halberd":2,"minecraft:copper_ingot":1,"minecraft:bucket":1,"minecraft:stone_axe":1,"minecraft:bread":27,"minecraft:air":0,"minecraft:iron_chestplate":1,"minecraft:diamond_pickaxe":1,"minecraft:stick":20,"minecraft:stone_slab":6,"minecraft:iron_ingot":40,"minecraft:iron_pickaxe":2,"minecraft:iron_shovel":1,"minecraft:iron_leggings":1,"minecraft:white_bed":1,"minecraft:torch":28,"minecraft:shears":1}},"DataVersion":3465}